ID,Name,Value,Flag
1,Precentral_L,1,8
2,Precentral_R,2,8
3,Frontal_Sup_2_L,3,3
4,Frontal_Sup_2_R,4,3
5,Frontal_Mid_2_L,5,2
6,Frontal_Mid_2_R,6,2
7,Frontal_Inf_Oper_L,7,1
8,Frontal_Inf_Oper_R,8,1
9,Frontal_Inf_Tri_L,9,1
10,Frontal_Inf_Tri_R,10,1
11,Frontal_Inf_Orb_2_L,11,1
12,Frontal_Inf_Orb_2_R,12,1
13,Rolandic_Oper_L,13,0
14,Rolandic_Oper_R,14,0
15,Supp_Motor_Area_L,15,8
16,Supp_Motor_Area_R,16,8
17,Olfactory_L,17,2
18,Olfactory_R,18,2
19,Frontal_Sup_Medial_L,19,2
20,Frontal_Sup_Medial_R,20,2
21,Frontal_Med_Orb_L,21,1
22,Frontal_Med_Orb_R,22,1
23,Rectus_L,23,0
24,Rectus_R,24,0
25,OFCmed_L,25,0
26,OFCmed_R,26,0
27,OFCant_L,27,0
28,OFCant_R,28,0
29,OFCpost_L,29,0
30,OFCpost_R,30,0
31,OFClat_L,31,0
32,OFClat_R,32,0
33,Insula_L,33,2
34,Insula_R,34,2
35,Cingulate_Ant_L,,5
36,Cingulate_Ant_R,,5
37,Cingulate_Mid_L,37,3
38,Cingulate_Mid_R,38,3
39,Cingulate_Post_L,39,2
40,Cingulate_Post_R,40,2
41,Hippocampus_L,41,5
42,Hippocampus_R,42,5
43,ParaHippocampal_L,43,1
44,ParaHippocampal_R,44,1
45,Amygdala_L,45,4
46,Amygdala_R,46,4
47,Calcarine_L,47,0
48,Calcarine_R,48,0
49,Cuneus_L,49,0
50,Cuneus_R,50,0
51,Lingual_L,51,0
52,Lingual_R,52,0
53,Occipital_Sup_L,53,0
54,Occipital_Sup_R,54,0
55,Occipital_Mid_L,55,0
56,Occipital_Mid_R,56,0
57,Occipital_Inf_L,57,0
58,Occipital_Inf_R,58,0
59,Fusiform_L,59,0
60,Fusiform_R,60,0
61,Postcentral_L,61,4
62,Postcentral_R,62,4
63,Parietal_Sup_L,63,2
64,Parietal_Sup_R,64,2
65,Parietal_Inf_L,65,3
66,Parietal_Inf_R,66,3
67,SupraMarginal_L,67,1
68,SupraMarginal_R,68,1
69,Angular_L,69,2
70,Angular_R,70,2
71,Precuneus_L,71,2
72,Precuneus_R,72,2
73,Paracentral_Lobule_L,73,3
74,Paracentral_Lobule_R,74,3
75,Caudate_L,75,8
76,Caudate_R,76,8
77,Putamen_L,77,8
78,Putamen_R,78,8
79,Pallidum_L,79,7
80,Pallidum_R,80,7
81,Thalamus_L,,7
82,Thalamus_R,,7
83,Heschl_L,83,0
84,Heschl_R,84,0
85,Temporal_Sup_L,85,3
86,Temporal_Sup_R,86,3
87,Temporal_Pole_Sup_L,87,1
88,Temporal_Pole_Sup_R,88,1
89,Temporal_Mid_L,89,2
90,Temporal_Mid_R,90,2
91,Temporal_Pole_Mid_L,91,1
92,Temporal_Pole_Mid_R,92,1
93,Temporal_Inf_L,93,2
94,Temporal_Inf_R,94,2
95,Cerebellum_Crus1_L,95,7
96,Cerebellum_Crus1_R,96,7
97,Cerebellum_Crus2_L,97,7
98,Cerebellum_Crus2_R,98,7
99,Cerebellum_3_L,99,7
100,Cerebellum_3_R,100,7
101,Cerebellum_4_5_L,101,7
102,Cerebellum_4_5_R,102,7
103,Cerebellum_6_L,103,7
104,Cerebellum_6_R,104,7
105,Cerebellum_7b_L,105,7
106,Cerebellum_7b_R,106,7
107,Cerebellum_8_L,107,7
108,Cerebellum_8_R,108,7
109,Cerebellum_9_L,109,7
110,Cerebellum_9_R,110,7
111,Cerebellum_10_L,111,7
112,Cerebellum_10_R,112,7
113,Vermis_1_2,113,7
114,Vermis_3,114,7
115,Vermis_4_5,115,7
116,Vermis_6,116,7
117,Vermis_7,117,7
118,Vermis_8,118,7
119,Vermis_9,119,7
120,Vermis_10,120,7
121,Thal_AV_L,121,7
122,Thal_AV_R,122,7
123,Thal_LP_L,123,7
124,Thal_LP_R,124,7
125,Thal_VA_L,125,7
126,Thal_VA_R,126,7
127,Thal_VL_L,127,7
128,Thal_VL_R,128,7
129,Thal_VPL_L,129,7
130,Thal_VPL_R,130,7
131,Thal_IL_L,131,7
132,Thal_IL_R,132,7
133,Thal_Re_L,133,7
134,Thal_Re_R,134,7
135,Thal_MDm_L,135,7
136,Thal_MDm_R,136,7
137,Thal_MDl_L,137,7
138,Thal_MDl_R,138,7
139,Thal_LGN_L,139,5
140,Thal_LGN_R,140,5
141,Thal_MGN_L,141,5
142,Thal_MGN_R,142,5
143,Thal_PuI_L,143,7
144,Thal_PuI_R,144,7
145,Thal_PuM_L,145,7
146,Thal_PuM_R,146,7
147,Thal_PuA_L,147,7
148,Thal_PuA_R,148,7
149,Thal_PuL_L,149,7
150,Thal_PuL_R,150,7
151,ACC_sub_L,151,5
152,ACC_sub_R,152,5
153,ACC_pre_L,153,5
154,ACC_pre_R,154,5
155,ACC_sup_L,155,5
156,ACC_sup_R,156,5
157,N_Acc_L,157,5
158,N_Acc_R,158,5
159,VTA_L,159,6
160,VTA_R,160,6
161,SN_pc_L,161,8
162,SN_pc_R,162,8
163,SN_pr_L,163,8
164,SN_pr_R,164,8
165,Red_N_L,165,6
166,Red_N_R,166,6
167,LC_L,167,7
168,LC_R,168,7
169,Raphe_D,169,7
170,Raphe_M,170,7
