Feature,Flag
SITE,1
PATNO,1
COHORT,1
subgroup,1
enroll_phase,0
enroll_source,0
prod_subset,0
HIQ_RBD,0
study_status,0
NSD_Status,0
NSD_STAGE,0
PRIMDIAG,0
OTHNEURO,0
EVENT_ID,1
YEAR,1
visit_date,1
age,1
age_at_visit,1
SEX,1
EDUCYRS,1
race,0
HISPLAT,0
ASHKJEW,0
AFICBERB,0
BASQUE,0
fampd,0
fampd_bin,1
handed,0
howlive,0
sex_orient,0
BMI,1
agediag,0
ageonset,1
duration,1
duration_yrs,0
DOMSIDE,0
sym_tremor,1
sym_rigid,1
sym_brady,1
sym_posins,1
sym_other,1
sym_unknown,0
PDTRTMNT,0
LEDD,1
age_datscan,0
age_LP,0
age_upsit,0
upsit,0
upsit_pctl,1
upsit_pctl15,0
moca,1
bjlot,0
DVS_JLO_MSSA,0
DVS_JLO_MSSAE,0
clockdraw,0
DVT_CLCKDRAW,1
DVZ_CLCKDRAW,0
hvlt_discrimination,0
hvlt_immediaterecall,0
hvlt_retention,0
HVLTFPRL,0
HVLTRDLY,0
HVLTREC,0
DVT_TOTAL_RECALL,0
DVT_DELAYED_RECALL,0
DVT_RETENTION,0
DVT_RECOG_DISC_INDEX,0
lexical,0
DVT_FAS,1
DVS_FAS,0
lns,0
DVS_LNS,0
MODBNT,0
DVS_BNT,1
PCTL_BNT,0
SDMTOTAL,0
DVT_SDM,0
DVSD_SDM,0
TMT_A,0
TMT_B,0
DVZ_TMTA,1
DVZ_TMTB,1
VLTANIM,0
DVT_SFTANIM,0
DVS_SFTANIM,0
MCI_testscores,1
cogstate,0
MSEADLG,1
quip,1
quip_any,0
quip_gamble,0
quip_sex,0
quip_buy,0
quip_eat,0
quip_hobby,0
quip_pund,0
quip_walk,0
ess,1
rem,1
gds,1
stai,0
stai_state,1
stai_trait,1
scopa,1
scopa_gi,0
scopa_ur,0
scopa_cv,0
scopa_therm,0
scopa_pm,0
scopa_sex,0
orthostasis,1
hy,0
hy_on,0
NHY,1
NHY_ON,0
pigd,1
pigd_on,0
td_pigd,1
td_pigd_on,0
NP1COG,0
NP1HALL,0
NP1DPRS,0
NP1ANXS,0
NP1APAT,0
NP1DDS,0
NP1FATG,0
updrs1_score,1
updrs2_score,1
updrs3_score,1
updrs3_score_on,0
updrs4_score,1
updrs_totscore,0
updrs_totscore_on,0
pm_any,0
pm_adl_any,0
pm_fd_any,0
pm_auto_any,0
pm_cog_any,0
pm_mc_any,0
pm_wb_any,0
CSFSAA,0
CSFSAA_assay,0
abeta,1
abeta_LLOD,0
abeta_ULOD,0
tau,1
tau_LLOD,0
ptau,1
ptau_LLOD,0
asyn,1
hemohi,1
urate,1
ptau217_plasma,0
bd_tau_plasma,0
total_di_18_1_BMP,0
total_di_22_6_BMP,0
_2_2__di_22_6_BMP,0
NFL_CSF,1
nfl_serum,1
APOE,0
APOE_e4,1
lowput_expected,1
DATSCAN_CAUDATE_L,0
DATSCAN_CAUDATE_R,0
con_caudate,0
ips_caudate,0
mean_caudate,0
DATSCAN_PUTAMEN_L,0
DATSCAN_PUTAMEN_R,0
con_putamen,1
ips_putamen,0
mean_putamen,0
con_striatum,0
ips_striatum,0
mean_striatum,1
Stage_partial_UPDRS1,0
Stage_subpark,0
Stage_PDTreat,0
Stage_S,0
Stage_D,0
Stage_G,0
